[
    {
        "balance": 0,
        "preferences": {},
        "currency": "USD",
        "reports": {},
        "alerts": {},
        "settings": {},
        "email": "wdaoiudwajoi@gmail.com",
        "expenses": [],
        "username": "iuhwauiwda",
        "name": "iuhwauiwda"
    },
    {
        "balance": 0,
        "preferences": {},
        "currency": "USD",
        "reports": {},
        "alerts": {},
        "settings": {},
        "email": "wqdqwd@gmail.com",
        "expenses": [],
        "username": "asdasd",
        "name": "asdasd"
    },
    {
        "balance": 0,
        "preferences": {},
        "currency": "USD",
        "reports": {},
        "alerts": {},
        "settings": {},
        "email": "yurt@gmail.com",
        "expenses": [],
        "username": "yurt",
        "name": "yurt"
    }
]