[
    {
        "balance": 0,
        "preferences": {},
        "currency": "USD",
        "reports": {},
        "alerts": {},
        "settings": {},
        "email": "wdaoiudwajoi@gmail.com",
        "expenses": [],
        "username": "iuhwauiwda",
        "name": "iuhwauiwda",
        "Expenses": {
            "expenseContainer": {}
        }
    },
    {
        "balance": 0,
        "preferences": {},
        "currency": "USD",
        "reports": {},
        "alerts": {},
        "settings": {},
        "email": "wqdqwd@gmail.com",
        "expenses": [],
        "username": "asdasd",
        "name": "asdasd",
        "Expenses": {
            "expenseContainer": {}
        }
    },
    {
        "balance": 0,
        "preferences": {},
        "currency": "USD",
        "reports": {},
        "alerts": {},
        "settings": {},
        "email": "yurt@gmail.com",
        "expenses": [],
        "username": "yurt",
        "name": "yurt",
        "Expenses": {
            "expenseContainer": {
                "expenses": [
                    {
                        "description": "4K TV",
                        "date": "2024-09-11",
                        "title": "TV",
                        "id": "1726200382961",
                        "amount": 999,
                        "category": "Electronics"
                    },
                    {
                        "description": "3 orders",
                        "date": "2024-09-12",
                        "title": "Teriyaki",
                        "id": "1726200425086",
                        "amount": 48,
                        "category": "Food"
                    },
                    {
                        "description": "Tendonhokuagu",
                        "date": "2024-09-02",
                        "title": "Sushi",
                        "id": "1726200443024",
                        "amount": 125,
                        "category": "Food"
                    }
                ]
            }
        }
    }
]