[
    {
        "balance": 0,
        "preferences": {},
        "currency": "USD",
        "reports": {},
        "alerts": {},
        "settings": {},
        "email": "hahahaa@gmail.com",
        "expenses": [],
        "username": "lololol",
        "name": "lololol"
    },
    {
        "balance": 0,
        "preferences": {},
        "currency": "USD",
        "reports": {},
        "alerts": {},
        "settings": {},
        "email": "hey123@gmail.com",
        "expenses": [],
        "username": "hi",
        "name": "hi"
    },
    {
        "balance": 0,
        "preferences": {},
        "currency": "USD",
        "reports": {},
        "alerts": {},
        "settings": {},
        "email": "iawdno@gmail.com",
        "expenses": [],
        "username": "dasdwadsadw",
        "name": "dasdwadsadw"
    },
    {
        "balance": 0,
        "preferences": {},
        "currency": "USD",
        "reports": {},
        "alerts": {},
        "settings": {},
        "email": "ik0ki0ko@gmail.com",
        "expenses": [],
        "username": "ihuhjiujij",
        "name": "ihuhjiujij"
    },
    {
        "balance": 0,
        "preferences": {},
        "currency": "USD",
        "reports": {},
        "alerts": {},
        "settings": {},
        "email": "iudwau@gmail.com",
        "expenses": [],
        "username": "ojaioduwjiwad",
        "name": "ojaioduwjiwad"
    },
    {
        "balance": 0,
        "preferences": {},
        "currency": "USD",
        "reports": {},
        "alerts": {},
        "settings": {},
        "email": "kopawdkpodawpok@gmail.com",
        "expenses": [],
        "username": "awdoipawj",
        "name": "awdoipawj"
    },
    {
        "balance": 0,
        "preferences": {},
        "currency": "USD",
        "reports": {},
        "alerts": {},
        "settings": {},
        "email": "oiajdowjaojodi@gmail.com",
        "expenses": [],
        "username": "aoidwjioad",
        "name": "aoidwjioad"
    },
    {
        "balance": 0,
        "preferences": {},
        "currency": "USD",
        "reports": {},
        "alerts": {},
        "settings": {},
        "email": "oiajwoidwaj@gmail.com",
        "expenses": [],
        "username": "oiawjhoiawd",
        "name": "oiawjhoiawd"
    },
    {
        "balance": 0,
        "preferences": {},
        "currency": "USD",
        "reports": {},
        "alerts": {},
        "settings": {},
        "email": "oiawjdoaiwj@gmail.com",
        "expenses": [],
        "username": "aoiwjdadw",
        "name": "aoiwjdadw"
    },
    {
        "balance": 0,
        "preferences": {},
        "currency": "USD",
        "reports": {},
        "alerts": {},
        "settings": {},
        "email": "ojdwoija@gmail.com",
        "expenses": [],
        "username": "ojnosoeifs",
        "name": "ojnosoeifs"
    },
    {
        "balance": 0,
        "preferences": {},
        "currency": "USD",
        "reports": {},
        "alerts": {},
        "settings": {},
        "email": "seofijkseo@gmail.com",
        "expenses": [],
        "username": "posekfepo",
        "name": "posekfepo"
    },
    {
        "balance": 0,
        "preferences": {},
        "currency": "USD",
        "reports": {},
        "alerts": {},
        "settings": {},
        "email": "test12345@gmail.com",
        "expenses": [],
        "username": "test12345",
        "name": "test12345"
    },
    {
        "balance": 0,
        "preferences": {},
        "currency": "USD",
        "reports": {},
        "alerts": {},
        "settings": {},
        "email": "test1234@gmail.com",
        "expenses": [],
        "username": "test1234",
        "name": "test1234"
    },
    {
        "balance": 0,
        "preferences": {},
        "currency": "USD",
        "reports": {},
        "alerts": {},
        "settings": {},
        "email": "test123@gmail.com",
        "expenses": [],
        "username": "test123",
        "name": "test123"
    },
    {
        "balance": 0,
        "preferences": {},
        "currency": "USD",
        "reports": {},
        "alerts": {},
        "settings": {},
        "email": "testing@gmail.com",
        "expenses": [],
        "username": "testing",
        "name": "testing"
    },
    {
        "balance": 0,
        "preferences": {},
        "currency": "USD",
        "reports": {},
        "alerts": {},
        "settings": {},
        "email": "ughuioyg@gmail.com",
        "expenses": [],
        "username": "gvyhiy",
        "name": "gvyhiy"
    },
    {
        "balance": 0,
        "preferences": {},
        "currency": "USD",
        "reports": {},
        "alerts": {},
        "settings": {},
        "email": "uihiuh@gmail.com",
        "expenses": [],
        "username": "guygyuguygugyug",
        "name": "guygyuguygugyug"
    },
    {
        "balance": 0,
        "preferences": {},
        "currency": "USD",
        "reports": {},
        "alerts": {},
        "settings": {},
        "email": "wajkdawnd@gmail.com",
        "expenses": [],
        "username": "dwawad",
        "name": "dwawad"
    },
    {
        "balance": 0,
        "preferences": {},
        "currency": "USD",
        "reports": {},
        "alerts": {},
        "settings": {},
        "email": "waoijwaoidj@gmail.com",
        "expenses": [],
        "username": "doiawjdwa",
        "name": "doiawjdwa"
    },
    {
        "balance": 0,
        "preferences": {},
        "currency": "USD",
        "reports": {},
        "alerts": {},
        "settings": {},
        "email": "waokdawokwawkop@gmail.com",
        "expenses": [],
        "username": "awdoawdioj",
        "name": "awdoawdioj"
    },
    {
        "balance": 0,
        "preferences": {},
        "currency": "USD",
        "reports": {},
        "alerts": {},
        "settings": {},
        "email": "wdaoiawj@gmail.com",
        "expenses": [],
        "username": "awdawdwad",
        "name": "awdawdwad"
    },
    {
        "balance": 0,
        "preferences": {},
        "currency": "USD",
        "reports": {},
        "alerts": {},
        "settings": {},
        "email": "wdaoiudwajoi@gmail.com",
        "expenses": [],
        "username": "iuhwauiwda",
        "name": "iuhwauiwda"
    },
    {
        "balance": 0,
        "preferences": {},
        "currency": "USD",
        "reports": {},
        "alerts": {},
        "settings": {},
        "email": "wqdqwd@gmail.com",
        "expenses": [],
        "username": "asdasd",
        "name": "asdasd"
    }
]